sevillana	sevillana.png	image/png
san-pablo-orquideas	san-pablo-orquideas.png	image/png
entreverde	entreverde.png	image/png
oikos-zipaquira	oikos-zipaquira.png	image/png
lumina-77	lumina-77.png	image/png
marianitas	marianitas.png	image/png
infinitum-zentral	infinitum-zentral.png	image/png
antao	antao.png	image/png
conjunto-residencial-cadiz	conjunto-residencial-cadiz.png	image/png
costa-azul	costa-azul.png	image/png
oikos-balmora-vergel	oikos-balmora-vergel.png	image/png
santa-clara	santa-clara.png	image/png
almax-malambo	almax-malambo.png	image/png
almax-funza	almax-funza.png	image/png
san-pablo-lirios	san-pablo-lirios.png	image/png
san-pablo-girasoles	san-pablo-girasoles.png	image/png
portonovo	portonovo.jpg	image/jpeg
oikos-entremontes	oikos-entremontes.jpg	image/jpeg
maio	maio.jpg	image/jpeg
palma-real	palma-real.jpg	image/jpeg
panoramik-tunja	panoramik-tunja.png	image/png
calera-gardens	calera-gardens.jpg	image/jpeg
oikos-malambo	oikos-malambo.jpg	image/jpeg
empresa-oikos	empresa-oikos.png	image/png
empresa-caledonia	empresa-caledonia.png	image/png
